{
    "image_info": {
        "height": 1080,
        "width": 1920
    },
    "components": [
        {
            "x1": 0,
            "y1": 0,
            "x2": 1923,
            "y2": 78,
            "cx": 961,
            "cy": 38,
            "left": 0.0,
            "top": 0.0,
            "right": -0.15625,
            "bottom": 92.77777777777777,
            "label": "back icon",
            "accuracy": "0.66024715",
            "filename": "rect0.jpg",
            "trulyPredicted": "false"
        },
        {
            "x1": 57,
            "y1": 135,
            "x2": 65,
            "y2": 148,
            "cx": 60,
            "cy": 141,
            "left": 2.96875,
            "top": 12.5,
            "right": 96.61458333333333,
            "bottom": 86.29629629629629,
            "label": "back icon",
            "accuracy": "0.4643171",
            "filename": "rect1.jpg",
            "trulyPredicted": "false"
        },
        {
            "x1": 1118,
            "y1": 186,
            "x2": 1466,
            "y2": 393,
            "cx": 1292,
            "cy": 288,
            "left": 58.229166666666664,
            "top": 17.22222222222222,
            "right": 23.645833333333332,
            "bottom": 63.611111111111114,
            "label": "back icon",
            "accuracy": "0.9123987",
            "filename": "rect2.jpg",
            "trulyPredicted": "true"
        },
        {
            "x1": 1491,
            "y1": 173,
            "x2": 1846,
            "y2": 399,
            "cx": 1668,
            "cy": 285,
            "left": 77.65625,
            "top": 16.01851851851852,
            "right": 3.8541666666666665,
            "bottom": 63.05555555555556,
            "label": "back icon",
            "accuracy": "0.9286534",
            "filename": "rect3.jpg",
            "trulyPredicted": "true"
        },
        {
            "x1": 51,
            "y1": 199,
            "x2": 65,
            "y2": 213,
            "cx": 56,
            "cy": 206,
            "left": 2.65625,
            "top": 18.425925925925927,
            "right": 96.61458333333333,
            "bottom": 80.27777777777777,
            "label": "back icon",
            "accuracy": "0.99996674",
            "filename": "rect4.jpg",
            "trulyPredicted": "true"
        },
        {
            "x1": 51,
            "y1": 263,
            "x2": 71,
            "y2": 283,
            "cx": 60,
            "cy": 272,
            "left": 2.65625,
            "top": 24.35185185185185,
            "right": 96.30208333333333,
            "bottom": 73.79629629629629,
            "label": "back icon",
            "accuracy": "0.73991036",
            "filename": "rect5.jpg",
            "trulyPredicted": "false"
        },
        {
            "x1": 51,
            "y1": 327,
            "x2": 71,
            "y2": 354,
            "cx": 60,
            "cy": 340,
            "left": 2.65625,
            "top": 30.27777777777778,
            "right": 96.30208333333333,
            "bottom": 67.22222222222223,
            "label": "back icon",
            "accuracy": "0.009813243",
            "filename": "rect6.jpg",
            "trulyPredicted": "false"
        },
        {
            "x1": 379,
            "y1": 347,
            "x2": 483,
            "y2": 386,
            "cx": 430,
            "cy": 366,
            "left": 19.739583333333332,
            "top": 32.129629629629626,
            "right": 74.84375,
            "bottom": 64.25925925925925,
            "label": "back icon",
            "accuracy": "0.9994111",
            "filename": "rect7.jpg",
            "trulyPredicted": "true"
        },
        {
            "x1": 752,
            "y1": 347,
            "x2": 862,
            "y2": 386,
            "cx": 806,
            "cy": 366,
            "left": 39.166666666666664,
            "top": 32.129629629629626,
            "right": 55.104166666666664,
            "bottom": 64.25925925925925,
            "label": "back icon",
            "accuracy": "0.99636936",
            "filename": "rect8.jpg",
            "trulyPredicted": "true"
        },
        {
            "x1": 45,
            "y1": 392,
            "x2": 71,
            "y2": 412,
            "cx": 58,
            "cy": 403,
            "left": 2.34375,
            "top": 36.2962962962963,
            "right": 96.30208333333333,
            "bottom": 61.851851851851855,
            "label": "back icon",
            "accuracy": "0.99957615",
            "filename": "rect9.jpg",
            "trulyPredicted": "true"
        },
        {
            "x1": 51,
            "y1": 462,
            "x2": 71,
            "y2": 476,
            "cx": 60,
            "cy": 470,
            "left": 2.65625,
            "top": 42.77777777777778,
            "right": 96.30208333333333,
            "bottom": 55.925925925925924,
            "label": "back icon",
            "accuracy": "0.97859645",
            "filename": "rect10.jpg",
            "trulyPredicted": "true"
        },
        {
            "x1": 51,
            "y1": 533,
            "x2": 71,
            "y2": 553,
            "cx": 59,
            "cy": 542,
            "left": 2.65625,
            "top": 49.351851851851855,
            "right": 96.30208333333333,
            "bottom": 48.7962962962963,
            "label": "back icon",
            "accuracy": "0.99918514",
            "filename": "rect11.jpg",
            "trulyPredicted": "true"
        },
        {
            "x1": 353,
            "y1": 514,
            "x2": 476,
            "y2": 553,
            "cx": 414,
            "cy": 533,
            "left": 18.385416666666668,
            "top": 47.592592592592595,
            "right": 75.20833333333333,
            "bottom": 48.7962962962963,
            "label": "back icon",
            "accuracy": "0.9959571",
            "filename": "rect12.jpg",
            "trulyPredicted": "true"
        },
        {
            "x1": 495,
            "y1": 514,
            "x2": 611,
            "y2": 553,
            "cx": 552,
            "cy": 533,
            "left": 25.78125,
            "top": 47.592592592592595,
            "right": 68.17708333333333,
            "bottom": 48.7962962962963,
            "label": "back icon",
            "accuracy": "0.99779606",
            "filename": "rect13.jpg",
            "trulyPredicted": "true"
        },
        {
            "x1": 630,
            "y1": 514,
            "x2": 772,
            "y2": 553,
            "cx": 699,
            "cy": 532,
            "left": 32.8125,
            "top": 47.592592592592595,
            "right": 59.791666666666664,
            "bottom": 48.7962962962963,
            "label": "back icon",
            "accuracy": "0.9964005",
            "filename": "rect14.jpg",
            "trulyPredicted": "true"
        },
        {
            "x1": 784,
            "y1": 514,
            "x2": 907,
            "y2": 553,
            "cx": 845,
            "cy": 533,
            "left": 40.833333333333336,
            "top": 47.592592592592595,
            "right": 52.760416666666664,
            "bottom": 48.7962962962963,
            "label": "back icon",
            "accuracy": "0.98516625",
            "filename": "rect15.jpg",
            "trulyPredicted": "true"
        },
        {
            "x1": 925,
            "y1": 514,
            "x2": 1016,
            "y2": 553,
            "cx": 971,
            "cy": 532,
            "left": 48.177083333333336,
            "top": 47.592592592592595,
            "right": 47.083333333333336,
            "bottom": 48.7962962962963,
            "label": "back icon",
            "accuracy": "0.99919397",
            "filename": "rect16.jpg",
            "trulyPredicted": "true"
        },
        {
            "x1": 1041,
            "y1": 514,
            "x2": 1164,
            "y2": 553,
            "cx": 1101,
            "cy": 532,
            "left": 54.21875,
            "top": 47.592592592592595,
            "right": 39.375,
            "bottom": 48.7962962962963,
            "label": "back icon",
            "accuracy": "0.76581794",
            "filename": "rect17.jpg",
            "trulyPredicted": "false"
        },
        {
            "x1": 1182,
            "y1": 514,
            "x2": 1299,
            "y2": 553,
            "cx": 1240,
            "cy": 533,
            "left": 61.5625,
            "top": 47.592592592592595,
            "right": 32.34375,
            "bottom": 48.7962962962963,
            "label": "back icon",
            "accuracy": "0.9207297",
            "filename": "rect18.jpg",
            "trulyPredicted": "true"
        },
        {
            "x1": 51,
            "y1": 597,
            "x2": 71,
            "y2": 618,
            "cx": 61,
            "cy": 605,
            "left": 2.65625,
            "top": 55.27777777777778,
            "right": 96.30208333333333,
            "bottom": 42.77777777777778,
            "label": "back icon",
            "accuracy": "0.9999876",
            "filename": "rect19.jpg",
            "trulyPredicted": "true"
        },
        {
            "x1": 51,
            "y1": 675,
            "x2": 65,
            "y2": 682,
            "cx": 57,
            "cy": 678,
            "left": 2.65625,
            "top": 62.5,
            "right": 96.61458333333333,
            "bottom": 36.851851851851855,
            "label": "back icon",
            "accuracy": "0.97945076",
            "filename": "rect20.jpg",
            "trulyPredicted": "true"
        },
        {
            "x1": 623,
            "y1": 681,
            "x2": 631,
            "y2": 688,
            "cx": 626,
            "cy": 684,
            "left": 32.447916666666664,
            "top": 63.05555555555556,
            "right": 67.13541666666667,
            "bottom": 36.2962962962963,
            "label": "back icon",
            "accuracy": "0.49580488",
            "filename": "rect21.jpg",
            "trulyPredicted": "false"
        },
        {
            "x1": 919,
            "y1": 675,
            "x2": 939,
            "y2": 688,
            "cx": 928,
            "cy": 680,
            "left": 47.864583333333336,
            "top": 62.5,
            "right": 51.09375,
            "bottom": 36.2962962962963,
            "label": "back icon",
            "accuracy": "0.30621415",
            "filename": "rect22.jpg",
            "trulyPredicted": "false"
        },
        {
            "x1": 900,
            "y1": 732,
            "x2": 933,
            "y2": 746,
            "cx": 915,
            "cy": 738,
            "left": 46.875,
            "top": 67.77777777777777,
            "right": 51.40625,
            "bottom": 30.925925925925927,
            "label": "back icon",
            "accuracy": "0.99990547",
            "filename": "rect23.jpg",
            "trulyPredicted": "true"
        },
        {
            "x1": 360,
            "y1": 945,
            "x2": 373,
            "y2": 952,
            "cx": 366,
            "cy": 948,
            "left": 18.75,
            "top": 87.5,
            "right": 80.57291666666667,
            "bottom": 11.851851851851851,
            "label": "back icon",
            "accuracy": "0.9999758",
            "filename": "rect25.jpg",
            "trulyPredicted": "true"
        },
        {
            "x1": 430,
            "y1": 938,
            "x2": 451,
            "y2": 958,
            "cx": 440,
            "cy": 948,
            "left": 22.395833333333332,
            "top": 86.85185185185185,
            "right": 76.51041666666667,
            "bottom": 11.296296296296296,
            "label": "back icon",
            "accuracy": "0.034580287",
            "filename": "rect26.jpg",
            "trulyPredicted": "false"
        },
        {
            "x1": 507,
            "y1": 938,
            "x2": 521,
            "y2": 958,
            "cx": 514,
            "cy": 948,
            "left": 26.40625,
            "top": 86.85185185185185,
            "right": 72.86458333333333,
            "bottom": 11.296296296296296,
            "label": "back icon",
            "accuracy": "0.9716911",
            "filename": "rect27.jpg",
            "trulyPredicted": "true"
        },
        {
            "x1": 578,
            "y1": 938,
            "x2": 598,
            "y2": 958,
            "cx": 587,
            "cy": 946,
            "left": 30.104166666666668,
            "top": 86.85185185185185,
            "right": 68.85416666666667,
            "bottom": 11.296296296296296,
            "label": "back icon",
            "accuracy": "0.9991417",
            "filename": "rect28.jpg",
            "trulyPredicted": "true"
        },
        {
            "x1": 655,
            "y1": 945,
            "x2": 669,
            "y2": 952,
            "cx": 661,
            "cy": 948,
            "left": 34.114583333333336,
            "top": 87.5,
            "right": 65.15625,
            "bottom": 11.851851851851851,
            "label": "back icon",
            "accuracy": "0.9831715",
            "filename": "rect29.jpg",
            "trulyPredicted": "true"
        },
        {
            "x1": 726,
            "y1": 938,
            "x2": 746,
            "y2": 958,
            "cx": 735,
            "cy": 947,
            "left": 37.8125,
            "top": 86.85185185185185,
            "right": 61.145833333333336,
            "bottom": 11.296296296296296,
            "label": "back icon",
            "accuracy": "0.9989015",
            "filename": "rect30.jpg",
            "trulyPredicted": "true"
        },
        {
            "x1": 803,
            "y1": 945,
            "x2": 817,
            "y2": 958,
            "cx": 809,
            "cy": 949,
            "left": 41.822916666666664,
            "top": 87.5,
            "right": 57.447916666666664,
            "bottom": 11.296296296296296,
            "label": "back icon",
            "accuracy": "0.9999871",
            "filename": "rect31.jpg",
            "trulyPredicted": "true"
        },
        {
            "x1": 867,
            "y1": 951,
            "x2": 875,
            "y2": 965,
            "cx": 869,
            "cy": 957,
            "left": 45.15625,
            "top": 88.05555555555556,
            "right": 54.427083333333336,
            "bottom": 10.648148148148149,
            "label": "back icon",
            "accuracy": "0.90565854",
            "filename": "rect32.jpg",
            "trulyPredicted": "true"
        },
        {
            "x1": 925,
            "y1": 945,
            "x2": 946,
            "y2": 965,
            "cx": 933,
            "cy": 953,
            "left": 48.177083333333336,
            "top": 87.5,
            "right": 50.729166666666664,
            "bottom": 10.648148148148149,
            "label": "back icon",
            "accuracy": "0.98335683",
            "filename": "rect33.jpg",
            "trulyPredicted": "true"
        },
        {
            "x1": 983,
            "y1": 945,
            "x2": 997,
            "y2": 958,
            "cx": 989,
            "cy": 951,
            "left": 51.197916666666664,
            "top": 87.5,
            "right": 48.072916666666664,
            "bottom": 11.296296296296296,
            "label": "back icon",
            "accuracy": "0.006948467",
            "filename": "rect34.jpg",
            "trulyPredicted": "false"
        }
    ]
}